Gender,Country,Views,Date,Time,Sports,Site_Visits
F,China,49,03/05/2023,22:54,netball,32
F,Indonesia,88,03/05/2023,19:18,netball,29
F,Yemen,67,02/05/2023,13:24,judo,23
F,Cameroon,34,03/05/2023,12:40,track and field,14
M,Somalia,66,03/05/2023,17:50,netball,39
F,Argentina,25,03/05/2023,2:32,judo,49
F,Poland,1,01/05/2023,19:00,netball,15
F,China,70,03/05/2023,18:36,soccer,65
M,China,33,02/05/2023,8:22,soccer,49
F,Colombia,52,03/05/2023,6:38,basketball,79
M,North Korea,72,03/05/2023,17:59,volleyball,34
F,Macedonia,9,02/05/2023,2:08,tennis,86
M,Peru,99,01/05/2023,3:00,judo,2
M,Indonesia,15,01/05/2023,7:45,athletics,7
F,Morocco,85,01/05/2023,21:25,basketball,15
F,Croatia,53,03/05/2023,5:56,tennis,31
M,China,19,03/05/2023,12:43,baseball,100
F,Thailand,60,03/05/2023,6:41,baseball,46
F,Russia,13,03/05/2023,21:57,soccer,79
F,China,29,03/05/2023,7:55,volleyball,13
F,Indonesia,65,03/05/2023,16:00,volleyball,23
F,Netherlands,25,01/05/2023,18:18,soccer,44
M,Russia,37,02/05/2023,4:07,baseball,17
M,Japan,89,01/05/2023,16:29,track and field,76
M,Armenia,4,01/05/2023,20:11,tennis,43
M,United States,63,01/05/2023,19:07,tennis,43
F,France,43,02/05/2023,18:19,baseball,68
F,Poland,80,01/05/2023,21:22,soccer,85
M,Russia,94,03/05/2023,1:26,baseball,52
F,Macedonia,12,01/05/2023,9:46,baseball,44
M,Canada,14,03/05/2023,3:55,baseball,98
F,Indonesia,66,01/05/2023,15:13,soccer,93
M,Sweden,21,01/05/2023,4:39,volleyball,63
F,China,22,03/05/2023,16:55,basketball,82
M,Indonesia,87,01/05/2023,4:58,baseball,29
F,China,85,02/05/2023,5:56,volleyball,68
M,Greece,7,02/05/2023,8:59,track and field,38
M,Argentina,96,03/05/2023,23:29,tennis,10
M,Philippines,76,02/05/2023,14:55,netball,50
M,Norway,41,01/05/2023,20:11,basketball,1
F,Greece,20,03/05/2023,2:57,judo,77
F,China,70,02/05/2023,7:59,soccer,63
F,Russia,27,02/05/2023,2:14,volleyball,44
M,Greece,65,02/05/2023,4:15,netball,20
F,Greece,90,02/05/2023,16:45,netball,51
M,China,16,03/05/2023,2:45,judo,62
M,Brazil,80,03/05/2023,23:00,judo,65
F,Portugal,49,01/05/2023,9:00,soccer,78
M,Cuba,72,03/05/2023,15:11,athletics,62
F,Czech Republic,9,02/05/2023,20:18,track and field,16
M,Indonesia,85,02/05/2023,4:12,judo,1
M,China,33,03/05/2023,4:01,soccer,74
M,Croatia,81,02/05/2023,14:58,judo,23
M,Mozambique,90,03/05/2023,16:39,athletics,65
M,Ireland,60,03/05/2023,11:07,athletics,18
M,Philippines,26,02/05/2023,21:29,netball,9
M,Cyprus,81,03/05/2023,12:00,soccer,99
M,China,100,02/05/2023,16:11,soccer,92
M,Laos,49,03/05/2023,4:48,volleyball,85
F,United States,33,03/05/2023,4:19,baseball,64
F,Indonesia,7,03/05/2023,7:34,athletics,66
M,China,93,03/05/2023,0:23,track and field,7
F,Greece,73,03/05/2023,13:18,netball,71
M,Philippines,81,02/05/2023,6:35,rugby,65
M,China,91,03/05/2023,4:41,judo,37
F,Greece,88,03/05/2023,10:00,athletics,75
M,South Korea,8,03/05/2023,7:45,track and field,81
F,United States,67,03/05/2023,13:40,volleyball,88
M,China,87,01/05/2023,22:43,volleyball,96
F,Greece,25,02/05/2023,8:27,baseball,9
F,Indonesia,60,02/05/2023,18:17,rugby,78
M,Russia,58,02/05/2023,19:49,athletics,60
F,Lithuania,37,01/05/2023,1:20,basketball,68
M,Indonesia,26,01/05/2023,5:47,basketball,69
F,Kazakhstan,48,01/05/2023,4:59,athletics,15
F,Portugal,78,01/05/2023,1:22,basketball,46
M,Pakistan,66,02/05/2023,20:52,soccer,76
F,Albania,17,02/05/2023,7:55,judo,88
M,Comoros,67,02/05/2023,16:31,basketball,28
F,Indonesia,11,03/05/2023,11:27,volleyball,66
F,Indonesia,79,02/05/2023,5:08,rugby,55
M,Sweden,24,03/05/2023,0:48,athletics,92
M,Azerbaijan,58,02/05/2023,14:34,rugby,76
M,China,97,01/05/2023,23:44,judo,84
F,Indonesia,45,01/05/2023,11:10,soccer,51
M,Poland,17,01/05/2023,7:35,judo,15
F,Mauritius,69,02/05/2023,23:42,rugby,97
F,Peru,47,02/05/2023,4:47,athletics,63
M,France,15,03/05/2023,1:25,soccer,10
M,Taiwan,21,03/05/2023,11:13,judo,60
F,Honduras,71,03/05/2023,18:38,netball,30
F,China,64,03/05/2023,13:22,tennis,40
F,Greece,75,01/05/2023,13:40,basketball,46
F,Senegal,23,03/05/2023,6:32,track and field,43
F,Portugal,34,03/05/2023,14:33,baseball,75
M,Uganda,18,01/05/2023,3:40,volleyball,38
F,Indonesia,57,01/05/2023,7:33,athletics,41
M,China,45,02/05/2023,6:47,soccer,28
F,Ukraine,11,01/05/2023,12:42,basketball,7
M,Peru,64,03/05/2023,3:00,tennis,51
F,China,60,03/05/2023,12:39,judo,83
F,Brazil,21,02/05/2023,9:11,track and field,85
M,Indonesia,41,02/05/2023,23:45,athletics,86
F,Czech Republic,39,03/05/2023,21:43,tennis,47
M,Uruguay,26,01/05/2023,9:38,track and field,84
M,South Africa,51,03/05/2023,23:15,track and field,82
M,Palestinian Territory,45,02/05/2023,13:05,athletics,81
M,Kazakhstan,23,01/05/2023,17:44,judo,27
F,China,16,03/05/2023,17:37,netball,73
M,Colombia,80,02/05/2023,13:58,judo,27
M,Russia,45,03/05/2023,14:15,volleyball,74
M,Bulgaria,77,01/05/2023,7:53,track and field,15
M,Russia,18,03/05/2023,2:45,rugby,35
F,Armenia,7,01/05/2023,21:23,volleyball,34
F,China,64,01/05/2023,15:52,volleyball,85
M,Peru,50,01/05/2023,17:38,netball,24
F,Ukraine,54,02/05/2023,13:02,judo,86
M,Ukraine,76,02/05/2023,23:36,athletics,33
M,China,97,03/05/2023,8:49,tennis,92
F,United States,50,02/05/2023,7:31,rugby,77
F,Japan,49,02/05/2023,18:30,rugby,8
F,Russia,61,01/05/2023,18:22,judo,13
F,Ivory Coast,74,01/05/2023,0:42,netball,2
M,Yemen,65,02/05/2023,20:45,judo,97
M,Yemen,5,03/05/2023,20:00,soccer,69
F,Bosnia and Herzegovina,87,01/05/2023,19:07,track and field,75
F,Russia,4,01/05/2023,10:24,soccer,25
F,Russia,2,03/05/2023,10:30,judo,44
F,Mongolia,88,03/05/2023,14:20,athletics,22
F,Portugal,55,03/05/2023,23:51,judo,18
F,Greece,60,02/05/2023,18:46,track and field,10
M,Central African Republic,63,03/05/2023,7:20,soccer,81
F,Nigeria,53,02/05/2023,5:52,tennis,50
F,Poland,80,02/05/2023,2:10,tennis,87
F,Bolivia,70,03/05/2023,1:21,basketball,58
M,United States,85,03/05/2023,16:56,tennis,8
F,Serbia,1,01/05/2023,16:38,judo,28
F,China,67,02/05/2023,9:13,judo,49
F,Albania,8,01/05/2023,18:30,athletics,83
M,Sweden,95,02/05/2023,12:52,netball,57
F,Yemen,46,02/05/2023,0:01,basketball,19
F,Greece,30,03/05/2023,7:56,track and field,11
M,China,52,03/05/2023,22:40,athletics,60
F,China,77,01/05/2023,9:33,soccer,3
F,Japan,55,02/05/2023,19:25,judo,9
F,United Kingdom,83,03/05/2023,23:21,basketball,15
F,Sweden,86,01/05/2023,20:29,soccer,58
F,Vietnam,47,03/05/2023,15:04,athletics,99
M,Cameroon,15,03/05/2023,17:39,judo,23
F,Tanzania,36,02/05/2023,6:21,volleyball,26
F,Indonesia,25,01/05/2023,23:25,tennis,97
F,Finland,63,03/05/2023,7:22,volleyball,69
F,Nigeria,39,01/05/2023,12:44,baseball,77
F,Brazil,23,01/05/2023,22:54,baseball,96
F,France,70,03/05/2023,13:32,rugby,99
F,Canada,24,01/05/2023,20:29,netball,87
F,Czech Republic,52,03/05/2023,0:53,rugby,89
M,Vietnam,99,01/05/2023,4:54,rugby,82
M,France,24,03/05/2023,20:48,soccer,85
M,Sweden,15,03/05/2023,7:45,athletics,3
F,Japan,45,02/05/2023,8:59,rugby,54
F,China,14,03/05/2023,9:47,soccer,9
M,Dominican Republic,37,03/05/2023,6:19,baseball,53
M,Indonesia,26,02/05/2023,21:35,track and field,51
M,Panama,88,03/05/2023,10:44,netball,8
M,Russia,64,02/05/2023,0:09,volleyball,41
F,Indonesia,81,01/05/2023,7:26,soccer,1
M,China,100,01/05/2023,17:39,rugby,91
F,China,17,01/05/2023,21:47,volleyball,77
M,Philippines,1,02/05/2023,20:04,tennis,44
F,Peru,36,02/05/2023,9:26,soccer,82
F,Philippines,27,02/05/2023,20:05,volleyball,19
M,Indonesia,27,03/05/2023,6:53,athletics,19
F,Philippines,23,01/05/2023,22:36,rugby,97
M,Oman,27,03/05/2023,0:33,athletics,62
M,Brazil,16,02/05/2023,22:34,athletics,90
F,Indonesia,40,03/05/2023,4:45,netball,54
F,Portugal,43,02/05/2023,23:54,track and field,66
M,Sweden,80,02/05/2023,18:49,rugby,17
F,Portugal,91,03/05/2023,16:52,soccer,39
M,Indonesia,94,01/05/2023,15:56,basketball,34
M,Colombia,66,02/05/2023,4:20,soccer,36
M,Armenia,92,03/05/2023,4:24,athletics,78
M,Indonesia,67,01/05/2023,20:45,baseball,26
M,Indonesia,34,01/05/2023,13:25,athletics,100
M,China,47,03/05/2023,12:56,soccer,90
M,Russia,94,02/05/2023,10:17,track and field,30
F,Russia,7,02/05/2023,23:52,netball,27
M,Mali,76,03/05/2023,16:15,rugby,79
M,China,40,01/05/2023,10:37,judo,28
M,Pakistan,54,01/05/2023,11:46,track and field,91
F,Ukraine,75,01/05/2023,17:00,basketball,60
F,Ireland,48,02/05/2023,15:16,track and field,14
M,Israel,20,03/05/2023,6:07,judo,38
F,Germany,86,02/05/2023,13:53,athletics,7
F,Poland,76,01/05/2023,15:41,baseball,49
M,Brazil,90,01/05/2023,1:55,volleyball,97
M,Yemen,53,02/05/2023,5:07,soccer,90
F,United States,63,01/05/2023,17:23,baseball,4
M,Poland,52,03/05/2023,8:41,volleyball,92
F,Kosovo,42,02/05/2023,3:32,athletics,55
F,Poland,57,01/05/2023,14:58,judo,2
M,Russia,29,03/05/2023,20:16,netball,50
M,Benin,54,01/05/2023,23:04,tennis,6
F,China,32,01/05/2023,3:31,track and field,56
F,China,90,03/05/2023,10:05,athletics,58
F,China,36,01/05/2023,14:33,basketball,80
F,Russia,5,02/05/2023,18:00,rugby,49
F,Poland,77,01/05/2023,0:33,basketball,33
M,Argentina,53,02/05/2023,11:43,athletics,80
F,Luxembourg,38,01/05/2023,2:00,basketball,46
M,France,50,02/05/2023,16:51,judo,89
F,Indonesia,54,02/05/2023,7:25,basketball,14
M,China,9,02/05/2023,19:37,athletics,19
M,Philippines,19,01/05/2023,8:40,soccer,3
M,Argentina,54,02/05/2023,7:22,track and field,38
F,China,93,03/05/2023,0:36,soccer,13
M,New Zealand,20,01/05/2023,3:31,athletics,24
M,Luxembourg,52,02/05/2023,12:49,track and field,99
F,Peru,82,03/05/2023,4:52,soccer,1
F,China,32,01/05/2023,3:14,rugby,15
F,Brazil,98,03/05/2023,4:24,baseball,51
M,China,97,01/05/2023,8:23,baseball,86
M,Indonesia,51,03/05/2023,19:53,volleyball,6
M,France,62,03/05/2023,19:27,baseball,86
M,Guatemala,85,03/05/2023,16:01,rugby,48
F,China,42,01/05/2023,14:22,baseball,13
M,Slovenia,76,02/05/2023,13:26,rugby,81
M,Burkina Faso,72,01/05/2023,0:07,netball,32
F,Poland,51,01/05/2023,0:34,basketball,57
F,Poland,23,03/05/2023,21:37,track and field,36
M,Portugal,42,02/05/2023,16:26,rugby,90
F,Philippines,43,03/05/2023,14:03,rugby,50
M,Canada,91,01/05/2023,23:32,baseball,62
M,Sweden,23,01/05/2023,17:56,soccer,81
M,Bulgaria,70,01/05/2023,1:15,netball,4
F,Philippines,43,02/05/2023,10:08,baseball,20
M,China,51,01/05/2023,19:41,basketball,84
M,United States,50,03/05/2023,4:48,netball,37
M,Russia,9,01/05/2023,15:52,athletics,35
M,Russia,7,03/05/2023,23:34,baseball,83
M,Czech Republic,82,03/05/2023,20:24,athletics,46
F,Philippines,66,01/05/2023,11:38,athletics,73
F,Indonesia,34,02/05/2023,11:51,rugby,72
M,Bosnia and Herzegovina,57,03/05/2023,11:54,soccer,67
M,El Salvador,83,03/05/2023,8:41,rugby,87
M,Albania,58,01/05/2023,4:42,track and field,54
M,Haiti,58,03/05/2023,7:53,soccer,44
M,Philippines,49,01/05/2023,2:54,athletics,94
F,Indonesia,29,01/05/2023,2:35,tennis,96
M,Latvia,77,03/05/2023,15:21,track and field,8
F,Indonesia,100,03/05/2023,14:31,baseball,16
F,Ukraine,69,01/05/2023,21:12,basketball,2
F,China,73,03/05/2023,11:25,track and field,91
M,Portugal,72,02/05/2023,2:10,track and field,40
M,Ethiopia,23,02/05/2023,6:01,basketball,76
F,China,79,03/05/2023,14:53,rugby,99
M,Indonesia,96,02/05/2023,15:40,baseball,56
F,China,8,02/05/2023,21:52,track and field,84
M,Nigeria,88,01/05/2023,0:45,track and field,64
M,Japan,12,02/05/2023,18:03,basketball,69
M,United States,2,02/05/2023,2:23,track and field,82
M,Greece,77,03/05/2023,7:17,soccer,50
M,China,24,03/05/2023,4:15,athletics,9
F,Indonesia,93,02/05/2023,22:50,athletics,22
F,Philippines,29,03/05/2023,7:38,netball,68
M,Brazil,37,03/05/2023,22:09,rugby,98
F,Indonesia,9,01/05/2023,2:14,tennis,9
F,China,78,02/05/2023,19:09,baseball,24
F,Azerbaijan,51,03/05/2023,2:39,tennis,43
F,China,77,03/05/2023,4:47,track and field,74
F,Uzbekistan,92,01/05/2023,23:07,track and field,85
M,Thailand,8,02/05/2023,6:11,judo,80
M,China,96,01/05/2023,18:40,athletics,37
F,Poland,32,03/05/2023,0:56,netball,33
F,Kazakhstan,22,03/05/2023,8:40,tennis,22
M,Iran,87,01/05/2023,17:03,basketball,35
M,Russia,48,03/05/2023,1:00,athletics,97
M,Philippines,16,02/05/2023,21:27,track and field,28
M,Democratic Republic of the Congo,71,03/05/2023,11:28,netball,75
M,Indonesia,33,01/05/2023,17:02,volleyball,56
F,Ecuador,72,01/05/2023,5:45,basketball,24
M,Canada,28,03/05/2023,16:22,judo,18
M,Ukraine,10,03/05/2023,13:53,volleyball,20
M,Philippines,72,03/05/2023,0:46,basketball,77
M,New Zealand,53,01/05/2023,0:04,athletics,46
M,Czech Republic,17,02/05/2023,11:20,baseball,31
M,Democratic Republic of the Congo,85,03/05/2023,0:57,track and field,69
M,Canada,23,03/05/2023,21:10,netball,17
M,Russia,2,02/05/2023,23:51,netball,54
F,France,2,03/05/2023,23:41,rugby,85
M,China,72,01/05/2023,4:50,volleyball,27
F,Tajikistan,59,03/05/2023,1:07,tennis,70
F,China,99,03/05/2023,13:02,judo,90
F,China,81,02/05/2023,14:21,netball,45
F,China,35,01/05/2023,19:13,tennis,44
F,Paraguay,23,02/05/2023,20:45,baseball,60
F,China,54,02/05/2023,11:40,volleyball,23
M,Portugal,78,03/05/2023,1:05,tennis,54
F,France,74,01/05/2023,19:47,athletics,87
F,Indonesia,84,03/05/2023,19:28,tennis,86
M,Indonesia,47,02/05/2023,2:27,track and field,10
F,Bolivia,24,01/05/2023,14:32,rugby,87
M,Russia,95,03/05/2023,17:48,judo,64
M,China,73,01/05/2023,11:59,rugby,35
F,Tunisia,86,03/05/2023,21:55,basketball,88
F,Indonesia,26,01/05/2023,10:15,judo,28
M,Mexico,96,02/05/2023,23:47,baseball,18
M,Russia,14,03/05/2023,16:25,athletics,51
F,Brazil,69,03/05/2023,16:19,volleyball,26
F,Philippines,76,03/05/2023,14:11,track and field,16
F,China,88,03/05/2023,18:23,track and field,54
F,Indonesia,91,01/05/2023,11:13,baseball,46
F,Russia,72,01/05/2023,12:49,basketball,16
M,Indonesia,5,01/05/2023,5:17,basketball,97
F,Indonesia,25,02/05/2023,22:36,tennis,89
F,Iran,42,01/05/2023,21:56,rugby,3
M,China,43,03/05/2023,20:07,rugby,29
M,Togo,85,03/05/2023,19:42,basketball,1
M,Sweden,31,01/05/2023,1:46,athletics,43
M,Colombia,87,03/05/2023,13:24,baseball,73
F,China,22,03/05/2023,20:57,judo,28
F,Japan,17,01/05/2023,14:08,judo,81
M,Sri Lanka,15,03/05/2023,5:14,netball,75
F,Philippines,18,03/05/2023,9:25,rugby,33
F,France,89,03/05/2023,18:20,basketball,9
F,Russia,67,03/05/2023,1:05,basketball,33
F,Togo,31,02/05/2023,21:49,judo,81
F,China,42,03/05/2023,17:06,rugby,89
F,Ukraine,37,02/05/2023,4:35,tennis,43
F,France,6,01/05/2023,8:03,track and field,54
M,Japan,27,03/05/2023,14:11,judo,42
F,Tanzania,70,01/05/2023,11:35,athletics,47
M,Poland,59,01/05/2023,4:51,track and field,77
F,Russia,24,03/05/2023,18:25,basketball,15
M,Mongolia,79,01/05/2023,13:08,netball,74
F,China,24,02/05/2023,20:13,tennis,47
F,Nigeria,68,02/05/2023,22:09,athletics,70
M,China,21,03/05/2023,19:06,athletics,13
F,Philippines,79,02/05/2023,12:54,tennis,9
M,Philippines,6,03/05/2023,8:28,soccer,96
M,Indonesia,87,02/05/2023,18:28,soccer,60
M,Bangladesh,89,02/05/2023,16:46,track and field,80
F,China,98,01/05/2023,8:38,judo,83
F,Japan,92,03/05/2023,16:10,track and field,56
F,North Korea,17,02/05/2023,0:17,tennis,11
F,Indonesia,68,02/05/2023,7:39,netball,40
F,Russia,8,01/05/2023,15:20,baseball,67
F,China,54,02/05/2023,10:01,volleyball,54
F,Canada,88,03/05/2023,1:46,track and field,48
M,Poland,76,01/05/2023,11:24,rugby,21
M,China,27,01/05/2023,8:20,rugby,88
M,Thailand,50,02/05/2023,7:14,track and field,44
F,Denmark,91,01/05/2023,7:57,baseball,10
M,China,35,03/05/2023,13:46,judo,68
F,Brazil,73,03/05/2023,6:56,tennis,54
M,Chile,41,02/05/2023,18:55,tennis,44
M,Palestinian Territory,81,03/05/2023,0:23,basketball,57
F,Indonesia,87,02/05/2023,15:39,tennis,83
M,France,66,01/05/2023,19:01,athletics,85
F,China,81,01/05/2023,16:22,soccer,35
F,Indonesia,85,01/05/2023,20:21,athletics,88
M,Iran,46,02/05/2023,14:38,judo,79
F,Japan,15,01/05/2023,3:47,volleyball,12
M,United States,78,03/05/2023,22:28,athletics,54
F,Greece,17,02/05/2023,4:21,soccer,23
F,Argentina,54,02/05/2023,8:58,netball,66
F,Russia,86,03/05/2023,7:58,judo,95
M,France,65,03/05/2023,22:47,rugby,55
F,Norway,90,02/05/2023,6:05,rugby,47
F,Indonesia,19,01/05/2023,17:41,basketball,60
M,France,12,01/05/2023,2:22,tennis,19
M,China,22,02/05/2023,20:12,netball,29
F,Japan,77,01/05/2023,22:42,soccer,97
M,China,81,03/05/2023,23:00,track and field,54
F,China,83,01/05/2023,13:34,soccer,29
M,China,42,01/05/2023,18:47,track and field,40
F,China,89,02/05/2023,8:58,athletics,22
M,Poland,71,01/05/2023,10:11,baseball,29
F,Ireland,74,01/05/2023,11:39,judo,64
M,Poland,3,01/05/2023,8:19,track and field,33
F,China,59,03/05/2023,8:20,soccer,51
M,France,56,01/05/2023,8:57,baseball,57
M,Indonesia,5,03/05/2023,18:22,tennis,93
M,Brazil,23,03/05/2023,18:22,soccer,7
F,Brazil,90,02/05/2023,12:30,basketball,41
M,Guatemala,75,03/05/2023,10:51,baseball,68
F,Bangladesh,88,01/05/2023,22:18,tennis,91
M,Philippines,62,02/05/2023,23:05,track and field,22
M,South Africa,44,03/05/2023,0:47,track and field,45
M,Greece,4,01/05/2023,20:14,rugby,48
F,Finland,67,03/05/2023,5:58,rugby,46
F,China,94,01/05/2023,20:05,track and field,94
F,Sri Lanka,87,03/05/2023,5:25,soccer,7
F,Russia,1,02/05/2023,12:31,track and field,92
M,Thailand,14,03/05/2023,12:04,baseball,60
F,Liberia,4,01/05/2023,23:01,rugby,84
F,Indonesia,5,01/05/2023,9:16,rugby,97
M,China,36,03/05/2023,15:21,baseball,40
M,China,8,03/05/2023,18:39,soccer,76
F,China,59,02/05/2023,14:22,athletics,37
M,China,35,03/05/2023,8:31,basketball,26
F,China,33,03/05/2023,21:34,athletics,19
F,Indonesia,87,01/05/2023,21:03,judo,23
F,El Salvador,34,01/05/2023,4:19,basketball,2
M,Kenya,91,01/05/2023,11:40,judo,23
F,Russia,99,01/05/2023,1:10,athletics,77
M,Philippines,95,03/05/2023,5:28,rugby,72
F,Bosnia and Herzegovina,62,03/05/2023,3:45,judo,53
F,Mexico,63,02/05/2023,15:39,volleyball,13
M,Peru,95,03/05/2023,7:49,track and field,55
F,United States,51,01/05/2023,5:59,track and field,2
M,China,7,02/05/2023,19:23,track and field,78
F,Spain,26,03/05/2023,4:26,basketball,35
M,United States,32,03/05/2023,9:55,track and field,79
F,China,51,03/05/2023,8:33,tennis,54
M,Paraguay,83,03/05/2023,6:52,track and field,99
M,Poland,53,02/05/2023,15:47,baseball,54
F,Sweden,100,02/05/2023,5:54,tennis,43
F,El Salvador,26,03/05/2023,9:03,netball,45
F,Croatia,78,01/05/2023,3:08,judo,66
M,Brunei,17,03/05/2023,6:27,baseball,74
F,Cuba,35,02/05/2023,18:23,tennis,73
F,China,97,02/05/2023,2:52,athletics,75
F,Norway,70,01/05/2023,8:29,volleyball,24
M,Philippines,64,02/05/2023,14:19,rugby,94
M,Portugal,65,02/05/2023,17:35,volleyball,2
M,Indonesia,79,03/05/2023,19:52,tennis,28
F,United States,76,03/05/2023,17:06,track and field,4
M,Indonesia,91,01/05/2023,18:07,baseball,81
M,Russia,45,03/05/2023,18:31,athletics,39
F,Nigeria,30,02/05/2023,21:34,basketball,73
M,Spain,12,01/05/2023,21:44,netball,78
M,Croatia,37,02/05/2023,10:54,tennis,82
M,Japan,38,01/05/2023,18:33,rugby,41
F,Afghanistan,61,01/05/2023,11:48,judo,97
M,China,6,01/05/2023,20:44,athletics,48
M,Nepal,68,03/05/2023,23:06,netball,48
F,Russia,26,03/05/2023,23:45,soccer,99
M,Philippines,96,01/05/2023,12:02,volleyball,100
F,Guadeloupe,12,01/05/2023,18:22,rugby,14
F,United States,45,02/05/2023,0:13,basketball,3
M,Cambodia,94,03/05/2023,18:37,netball,57
M,Argentina,63,03/05/2023,18:32,rugby,54
M,China,68,02/05/2023,4:56,track and field,100
F,Philippines,36,03/05/2023,11:44,tennis,78
M,China,61,02/05/2023,5:40,judo,86
M,Mexico,13,03/05/2023,1:00,tennis,67
M,Sri Lanka,44,01/05/2023,19:44,netball,91
M,Poland,18,01/05/2023,5:03,athletics,96
M,Egypt,92,03/05/2023,17:23,soccer,63
F,Mexico,34,01/05/2023,7:07,baseball,11
F,China,45,03/05/2023,1:50,track and field,67
F,Kazakhstan,86,02/05/2023,5:51,volleyball,57
F,Bosnia and Herzegovina,78,03/05/2023,18:44,netball,70
M,China,22,02/05/2023,23:51,soccer,16
F,Vietnam,99,01/05/2023,10:27,basketball,26
F,Russia,72,03/05/2023,11:32,soccer,25
F,Argentina,40,02/05/2023,23:47,tennis,81
F,Sweden,30,02/05/2023,6:28,tennis,23
F,Luxembourg,18,02/05/2023,13:55,track and field,10
F,Philippines,57,01/05/2023,20:17,judo,92
M,Armenia,46,02/05/2023,2:10,basketball,51
F,China,35,01/05/2023,19:26,rugby,48
F,Armenia,96,03/05/2023,17:09,soccer,37
F,China,17,02/05/2023,5:10,volleyball,87
M,Colombia,6,01/05/2023,6:18,athletics,20
F,Slovenia,76,01/05/2023,2:51,athletics,63
F,Russia,98,01/05/2023,15:56,track and field,41
F,Nigeria,66,02/05/2023,9:21,rugby,19
M,China,27,01/05/2023,10:01,rugby,88
F,Indonesia,95,02/05/2023,7:21,track and field,6
F,China,7,03/05/2023,11:12,rugby,11
F,Russia,11,03/05/2023,20:54,track and field,10
F,Ukraine,94,01/05/2023,2:37,athletics,2
M,Indonesia,16,01/05/2023,18:32,soccer,79
F,China,96,03/05/2023,10:27,athletics,66
M,Indonesia,99,03/05/2023,10:12,basketball,52
F,Norway,55,01/05/2023,16:25,athletics,78
F,Indonesia,94,02/05/2023,9:06,netball,91
F,Ukraine,57,02/05/2023,11:50,baseball,82
F,China,77,02/05/2023,13:07,soccer,50
M,Portugal,58,03/05/2023,3:58,track and field,93
M,China,63,01/05/2023,10:34,judo,24
F,Russia,72,03/05/2023,4:05,basketball,40
M,France,81,01/05/2023,12:53,soccer,4
M,Brazil,14,03/05/2023,8:04,track and field,88
M,Russia,43,01/05/2023,16:15,track and field,34
F,Malaysia,94,02/05/2023,3:52,athletics,33
F,Slovenia,39,01/05/2023,14:56,athletics,47
M,Indonesia,43,02/05/2023,14:21,rugby,83
F,Israel,23,03/05/2023,17:03,rugby,45
F,Indonesia,83,02/05/2023,9:13,basketball,89
F,Indonesia,88,03/05/2023,15:48,track and field,86
M,China,22,01/05/2023,17:28,tennis,44
M,Zambia,1,01/05/2023,1:25,basketball,77
F,Indonesia,75,02/05/2023,5:08,tennis,47
M,Democratic Republic of the Congo,74,02/05/2023,13:58,volleyball,66
F,Poland,92,03/05/2023,4:19,volleyball,56
M,Nigeria,73,01/05/2023,11:17,rugby,2
F,China,24,03/05/2023,6:19,baseball,38
M,Czech Republic,33,03/05/2023,10:04,judo,43
M,China,21,01/05/2023,19:17,basketball,70
M,New Zealand,56,03/05/2023,4:36,athletics,37
F,Mongolia,85,03/05/2023,15:49,basketball,28
M,China,56,03/05/2023,20:38,netball,45
F,Serbia,27,02/05/2023,19:54,rugby,22
M,China,19,03/05/2023,5:16,rugby,27
M,China,46,01/05/2023,22:20,rugby,71
F,U.S. Virgin Islands,50,01/05/2023,12:28,track and field,74
F,Indonesia,71,01/05/2023,9:35,volleyball,18
M,Russia,63,02/05/2023,15:14,volleyball,68
F,United Kingdom,49,01/05/2023,3:31,tennis,34
F,Myanmar,24,01/05/2023,1:28,soccer,44
M,China,54,03/05/2023,21:52,baseball,61
F,China,73,01/05/2023,10:03,netball,6
F,France,86,02/05/2023,8:42,volleyball,19
M,Afghanistan,22,02/05/2023,2:21,volleyball,48
M,China,8,03/05/2023,13:01,tennis,48
M,Portugal,77,01/05/2023,3:58,athletics,98
F,Japan,25,02/05/2023,16:15,judo,91
M,Russia,22,03/05/2023,12:59,soccer,36
F,Nicaragua,96,01/05/2023,20:33,baseball,63
M,Russia,30,02/05/2023,3:52,basketball,11
F,Russia,75,01/05/2023,10:58,track and field,87
F,Indonesia,72,01/05/2023,5:33,netball,1
M,Ukraine,58,03/05/2023,10:00,judo,65
M,Bulgaria,22,03/05/2023,3:37,basketball,77
M,Norway,8,03/05/2023,1:46,baseball,99
F,Czech Republic,85,01/05/2023,22:04,judo,90
M,Vietnam,18,03/05/2023,2:33,baseball,31
M,Botswana,74,01/05/2023,9:33,soccer,83
M,Malaysia,3,03/05/2023,2:47,basketball,63
F,China,51,03/05/2023,17:18,judo,70
M,Nigeria,11,01/05/2023,15:17,volleyball,67
F,Japan,50,02/05/2023,10:44,tennis,37
M,France,4,01/05/2023,17:16,basketball,99
F,China,85,03/05/2023,18:50,athletics,100
F,China,87,01/05/2023,8:07,basketball,51
M,China,58,03/05/2023,0:07,rugby,40
F,Argentina,82,02/05/2023,11:38,judo,100
M,Argentina,87,01/05/2023,11:43,rugby,98
F,Bulgaria,73,03/05/2023,17:29,baseball,6
M,Portugal,48,02/05/2023,17:32,judo,33
M,China,62,01/05/2023,18:14,athletics,78
F,Myanmar,60,02/05/2023,17:15,netball,31
M,France,28,02/05/2023,11:37,volleyball,61
M,China,16,03/05/2023,22:28,netball,3
M,Azerbaijan,2,03/05/2023,23:11,athletics,85
M,Albania,56,03/05/2023,3:07,judo,58
F,Greece,99,03/05/2023,8:21,baseball,28
F,South Africa,31,03/05/2023,16:36,tennis,7
M,Poland,79,03/05/2023,0:11,rugby,31
M,Cape Verde,48,01/05/2023,6:15,soccer,49
M,China,1,03/05/2023,18:52,judo,19
M,Honduras,78,01/05/2023,14:30,rugby,10
M,France,86,01/05/2023,1:42,volleyball,69
F,Nigeria,18,01/05/2023,13:56,judo,57
M,Indonesia,20,02/05/2023,13:24,tennis,99
M,China,26,02/05/2023,20:59,rugby,20
F,China,17,03/05/2023,16:22,track and field,1
M,China,19,02/05/2023,18:04,volleyball,81
M,Ireland,69,01/05/2023,17:49,basketball,39
F,China,30,01/05/2023,11:01,soccer,93
M,Japan,38,01/05/2023,16:38,volleyball,47
F,United States,90,01/05/2023,3:58,rugby,57
F,Portugal,29,01/05/2023,19:26,netball,37
M,China,32,01/05/2023,10:10,rugby,6
M,Greece,55,01/05/2023,12:43,athletics,65
M,New Zealand,56,03/05/2023,5:19,athletics,63
M,Panama,24,03/05/2023,3:22,baseball,5
M,United States,55,02/05/2023,23:48,volleyball,91
M,China,40,03/05/2023,16:08,athletics,84
M,Kazakhstan,86,02/05/2023,22:28,rugby,22
F,China,95,01/05/2023,16:20,basketball,69
F,Ukraine,41,03/05/2023,20:35,tennis,81
F,Brazil,69,01/05/2023,18:53,volleyball,34
F,Afghanistan,11,01/05/2023,0:30,athletics,83
F,Japan,18,03/05/2023,9:04,netball,60
M,Italy,74,03/05/2023,11:46,tennis,90
F,Thailand,82,03/05/2023,7:45,rugby,7
M,Jordan,47,01/05/2023,11:05,tennis,29
M,Brazil,88,02/05/2023,2:19,netball,95
F,China,24,03/05/2023,6:16,athletics,24
F,Poland,36,03/05/2023,13:14,tennis,56
F,Libya,99,03/05/2023,23:16,baseball,90
M,Poland,93,01/05/2023,20:29,soccer,5
F,Spain,2,01/05/2023,7:21,rugby,45
F,Thailand,32,01/05/2023,14:03,basketball,57
F,Thailand,12,02/05/2023,7:21,tennis,41
M,Indonesia,44,03/05/2023,22:55,judo,51
M,United States,80,02/05/2023,5:15,track and field,93
F,Armenia,2,02/05/2023,1:05,rugby,83
M,Argentina,52,02/05/2023,9:35,rugby,31
M,Indonesia,34,03/05/2023,18:05,rugby,7
M,China,22,03/05/2023,2:16,rugby,1
M,Tanzania,82,01/05/2023,21:42,soccer,39
M,Portugal,5,01/05/2023,8:44,soccer,7
M,Japan,45,03/05/2023,10:56,track and field,34
M,China,53,02/05/2023,15:00,soccer,99
F,Madagascar,42,01/05/2023,11:23,basketball,74
F,United States,39,01/05/2023,12:55,netball,32
F,United States,25,01/05/2023,2:05,netball,65
M,Russia,2,03/05/2023,11:18,track and field,91
F,China,15,02/05/2023,3:36,rugby,68
F,China,8,01/05/2023,2:21,athletics,13
F,Canada,34,01/05/2023,0:35,athletics,63
F,Bosnia and Herzegovina,36,03/05/2023,22:23,soccer,5
M,Russia,97,03/05/2023,3:32,judo,81
F,Syria,32,03/05/2023,21:31,soccer,23
M,Russia,19,03/05/2023,15:21,baseball,89
F,Serbia,22,03/05/2023,3:49,netball,4
F,Greece,79,02/05/2023,11:40,netball,1
M,Brazil,13,02/05/2023,19:14,baseball,67
M,Russia,1,02/05/2023,13:16,track and field,47
F,China,46,01/05/2023,14:50,volleyball,83
F,Indonesia,100,02/05/2023,17:02,athletics,51
M,Sweden,61,02/05/2023,2:11,tennis,48
F,Luxembourg,11,01/05/2023,4:44,baseball,52
F,Jamaica,76,02/05/2023,18:34,baseball,20
F,Czech Republic,25,01/05/2023,5:09,soccer,31
M,Greece,54,01/05/2023,4:34,rugby,33
F,China,10,01/05/2023,23:05,athletics,40
F,Netherlands,23,02/05/2023,4:59,rugby,81
M,Mali,30,03/05/2023,16:07,rugby,70
M,China,99,03/05/2023,2:09,netball,42
M,Portugal,33,03/05/2023,14:43,netball,20
M,Brazil,82,02/05/2023,7:57,basketball,26
F,Colombia,6,02/05/2023,0:48,athletics,15
M,Nigeria,23,02/05/2023,23:20,rugby,93
M,France,67,03/05/2023,13:34,athletics,43
F,China,78,02/05/2023,21:35,track and field,100
M,South Africa,95,02/05/2023,6:39,netball,13
F,Russia,50,01/05/2023,19:32,tennis,14
F,Indonesia,46,02/05/2023,7:16,track and field,54
F,Mexico,29,02/05/2023,14:47,athletics,14
M,South Korea,71,03/05/2023,14:55,soccer,20
F,Indonesia,30,02/05/2023,18:55,track and field,86
M,Yemen,8,01/05/2023,1:56,rugby,6
M,South Africa,45,02/05/2023,6:01,tennis,63
M,China,38,01/05/2023,18:58,basketball,98
F,China,6,01/05/2023,3:45,soccer,98
M,China,71,02/05/2023,9:30,basketball,39
M,Poland,54,03/05/2023,20:42,rugby,31
F,Pakistan,30,02/05/2023,5:48,rugby,96
F,Chile,68,01/05/2023,15:35,tennis,15
F,Brazil,92,03/05/2023,11:51,rugby,54
F,Sweden,87,01/05/2023,12:54,netball,100
F,Japan,26,02/05/2023,7:59,volleyball,61
M,Albania,72,02/05/2023,1:58,soccer,95
F,Canada,94,02/05/2023,0:21,volleyball,56
M,Cameroon,28,01/05/2023,23:04,volleyball,22
F,Indonesia,89,03/05/2023,5:27,tennis,85
F,Indonesia,21,01/05/2023,3:49,volleyball,89
F,Yemen,54,03/05/2023,13:07,track and field,42
F,Poland,64,01/05/2023,18:57,basketball,73
F,Ethiopia,18,01/05/2023,12:16,athletics,36
M,Greece,8,02/05/2023,12:05,track and field,49
F,China,82,01/05/2023,10:32,basketball,48
M,Portugal,74,01/05/2023,17:08,rugby,2
M,China,29,02/05/2023,6:16,rugby,13
M,Russia,89,02/05/2023,23:15,track and field,95
F,United States,65,01/05/2023,16:37,rugby,52
F,Indonesia,1,01/05/2023,3:50,tennis,100
M,China,47,02/05/2023,22:47,tennis,31
M,Indonesia,78,02/05/2023,14:13,basketball,24
F,China,43,03/05/2023,21:06,basketball,69
M,Brazil,15,03/05/2023,16:26,baseball,71
F,Ukraine,51,03/05/2023,5:33,tennis,49
F,China,13,02/05/2023,22:46,rugby,52
F,United States,73,02/05/2023,2:50,rugby,99
F,Iran,55,02/05/2023,21:54,netball,8
M,China,78,03/05/2023,7:12,basketball,92
M,Equatorial Guinea,17,02/05/2023,20:14,basketball,59
M,Indonesia,96,01/05/2023,11:50,basketball,7
F,China,35,01/05/2023,4:30,netball,23
F,Central African Republic,4,02/05/2023,14:05,tennis,31
M,Namibia,58,01/05/2023,19:19,rugby,22
M,China,4,02/05/2023,1:16,athletics,20
F,China,100,03/05/2023,11:21,soccer,17
M,Russia,39,02/05/2023,0:51,basketball,5
F,Ukraine,53,02/05/2023,8:52,judo,49
M,Portugal,48,03/05/2023,3:40,athletics,65
F,China,12,03/05/2023,16:44,tennis,25
M,France,77,01/05/2023,15:48,volleyball,50
M,Pakistan,32,01/05/2023,15:58,track and field,43
M,Afghanistan,84,01/05/2023,2:48,netball,38
F,China,11,03/05/2023,3:57,athletics,43
M,Mexico,78,02/05/2023,20:24,netball,93
M,Malawi,29,01/05/2023,19:24,judo,9
F,Greece,53,03/05/2023,16:18,rugby,7
F,Afghanistan,25,01/05/2023,0:12,basketball,91
M,Ireland,64,01/05/2023,22:09,soccer,72
F,Indonesia,24,01/05/2023,3:07,netball,37
F,Poland,32,02/05/2023,12:31,volleyball,46
F,Mauritius,92,02/05/2023,22:38,soccer,6
F,Croatia,98,02/05/2023,18:38,netball,93
M,France,34,03/05/2023,20:07,basketball,85
M,Bolivia,88,02/05/2023,3:23,rugby,79
M,Philippines,65,03/05/2023,10:00,athletics,60
M,Indonesia,53,02/05/2023,15:18,judo,88
M,Philippines,54,03/05/2023,13:14,baseball,86
F,China,47,02/05/2023,8:03,baseball,53
F,France,67,01/05/2023,4:06,soccer,55
M,Portugal,73,02/05/2023,0:45,soccer,22
M,China,78,02/05/2023,23:48,soccer,58
F,Sweden,10,02/05/2023,9:07,basketball,90
M,Cuba,24,01/05/2023,3:13,track and field,73
F,China,54,01/05/2023,17:46,athletics,14
M,Bosnia and Herzegovina,65,03/05/2023,6:20,volleyball,83
F,Portugal,58,03/05/2023,21:03,rugby,16
M,Indonesia,70,02/05/2023,10:04,netball,38
M,Egypt,28,02/05/2023,5:31,soccer,28
F,Czech Republic,12,02/05/2023,8:58,judo,8
M,China,1,01/05/2023,22:25,rugby,84
F,Indonesia,3,01/05/2023,20:50,soccer,44
M,Canada,48,03/05/2023,4:00,track and field,43
F,Croatia,43,02/05/2023,8:59,track and field,60
F,Argentina,72,01/05/2023,22:21,baseball,21
F,Portugal,98,03/05/2023,23:48,soccer,91
F,Czech Republic,46,01/05/2023,19:15,tennis,65
M,Indonesia,58,03/05/2023,17:00,judo,20
F,Philippines,100,03/05/2023,0:48,judo,93
F,Mauritius,35,01/05/2023,5:40,rugby,9
M,Brazil,20,01/05/2023,3:12,netball,76
F,Indonesia,71,01/05/2023,15:09,volleyball,3
F,Tunisia,11,03/05/2023,15:56,basketball,17
M,Portugal,19,02/05/2023,13:42,basketball,17
F,China,27,01/05/2023,7:01,soccer,4
F,Portugal,30,03/05/2023,3:45,judo,85
F,Argentina,24,01/05/2023,18:46,athletics,6
M,Portugal,45,02/05/2023,10:36,tennis,70
M,Russia,55,02/05/2023,6:53,volleyball,85
F,Serbia,35,01/05/2023,17:32,athletics,12
M,Thailand,92,03/05/2023,18:31,track and field,74
F,Philippines,76,03/05/2023,11:24,volleyball,58
F,Thailand,69,03/05/2023,19:01,track and field,86
F,Indonesia,83,02/05/2023,1:31,netball,57
M,China,44,01/05/2023,18:08,tennis,73
M,Norway,28,02/05/2023,18:13,track and field,5
F,China,22,03/05/2023,10:20,rugby,82
F,Greece,46,02/05/2023,9:57,rugby,79
M,Thailand,41,02/05/2023,4:33,baseball,87
M,Indonesia,61,01/05/2023,19:05,netball,91
M,United States,75,02/05/2023,12:25,judo,81
M,Japan,52,02/05/2023,8:13,rugby,67
M,Thailand,60,02/05/2023,11:08,baseball,72
F,Greece,57,03/05/2023,21:20,athletics,62
M,Philippines,34,03/05/2023,17:46,basketball,29
F,Chile,56,02/05/2023,18:59,soccer,12
M,China,9,03/05/2023,23:26,volleyball,93
F,Argentina,79,02/05/2023,20:36,baseball,48
M,China,48,02/05/2023,13:12,tennis,64
F,Norway,72,01/05/2023,10:48,rugby,59
M,Brazil,57,01/05/2023,14:13,tennis,15
M,Ecuador,82,01/05/2023,6:43,soccer,73
M,Poland,79,02/05/2023,20:23,netball,26
F,Canada,9,03/05/2023,7:56,tennis,60
F,United States,85,03/05/2023,21:59,basketball,36
F,Honduras,66,02/05/2023,21:01,soccer,64
F,China,9,03/05/2023,4:13,athletics,59
M,Russia,74,02/05/2023,19:09,tennis,4
M,Czech Republic,68,02/05/2023,3:09,soccer,21
M,Tanzania,79,02/05/2023,5:30,track and field,77
F,Russia,82,02/05/2023,18:11,basketball,33
F,Russia,21,01/05/2023,13:58,tennis,90
F,China,83,03/05/2023,14:37,volleyball,8
M,China,6,03/05/2023,14:28,track and field,90
F,Ecuador,51,03/05/2023,5:15,baseball,48
F,South Africa,66,02/05/2023,11:39,netball,6
F,Poland,8,01/05/2023,10:20,tennis,83
F,Peru,3,03/05/2023,11:09,athletics,25
M,Mexico,20,03/05/2023,12:51,volleyball,34
F,China,65,02/05/2023,5:21,athletics,57
M,Kazakhstan,11,01/05/2023,18:57,baseball,8
F,Nigeria,81,03/05/2023,0:45,netball,1
F,Russia,56,02/05/2023,2:23,track and field,27
F,Netherlands,35,01/05/2023,8:02,soccer,6
M,Portugal,67,01/05/2023,8:47,basketball,84
M,Colombia,45,02/05/2023,5:41,rugby,50
M,China,65,02/05/2023,7:23,basketball,97
M,Vietnam,57,03/05/2023,22:34,baseball,31
F,Lithuania,30,03/05/2023,11:19,track and field,91
F,Saint Martin,90,02/05/2023,3:10,tennis,52
F,Azerbaijan,26,03/05/2023,14:14,baseball,35
M,Finland,45,01/05/2023,12:20,baseball,31
M,Vietnam,35,02/05/2023,12:01,volleyball,2
F,Croatia,91,02/05/2023,23:38,volleyball,88
M,Philippines,88,01/05/2023,12:31,track and field,46
M,Thailand,41,03/05/2023,5:10,rugby,41
M,Russia,98,03/05/2023,12:44,judo,18
M,Colombia,65,03/05/2023,22:11,rugby,14
M,North Korea,56,02/05/2023,17:22,volleyball,25
F,Brazil,45,03/05/2023,3:04,judo,19
F,Russia,59,02/05/2023,21:42,track and field,64
F,Indonesia,51,02/05/2023,3:05,tennis,79
M,China,89,02/05/2023,0:39,volleyball,16
F,China,43,03/05/2023,5:15,volleyball,92
M,Philippines,35,03/05/2023,11:35,tennis,65
M,Indonesia,71,01/05/2023,5:29,judo,96
M,Indonesia,82,02/05/2023,10:23,baseball,60
M,Russia,30,01/05/2023,10:44,tennis,45
M,Canada,29,01/05/2023,11:12,soccer,17
M,Mauritania,35,01/05/2023,9:54,track and field,58
F,Indonesia,51,03/05/2023,8:45,judo,58
M,Germany,32,03/05/2023,20:12,netball,68
M,Ethiopia,39,03/05/2023,23:05,volleyball,41
F,Russia,44,02/05/2023,1:25,basketball,27
M,Russia,6,01/05/2023,9:11,netball,34
M,Benin,68,02/05/2023,21:32,netball,41
M,Indonesia,70,03/05/2023,2:03,soccer,19
F,Luxembourg,51,03/05/2023,6:02,judo,78
F,Indonesia,1,03/05/2023,0:32,track and field,12
F,Thailand,57,01/05/2023,14:19,basketball,17
M,Tanzania,17,01/05/2023,1:31,judo,56
M,Brazil,5,01/05/2023,0:53,judo,3
F,Philippines,99,01/05/2023,17:06,rugby,91
F,Slovenia,67,01/05/2023,17:01,athletics,98
F,Kenya,60,02/05/2023,4:25,baseball,2
F,Slovenia,8,01/05/2023,9:36,basketball,15
M,France,57,02/05/2023,23:10,baseball,22
M,Sweden,13,03/05/2023,22:49,volleyball,83
F,Tunisia,76,01/05/2023,19:16,netball,8
M,Indonesia,32,02/05/2023,9:31,baseball,72
M,Sweden,63,01/05/2023,17:29,soccer,20
M,China,15,01/05/2023,0:06,volleyball,62
F,Yemen,48,02/05/2023,4:42,rugby,16
F,Japan,10,02/05/2023,23:04,athletics,16
M,China,27,01/05/2023,17:24,baseball,100
F,Mexico,22,02/05/2023,18:50,tennis,44
F,Czech Republic,96,03/05/2023,15:10,judo,26
M,Croatia,79,03/05/2023,2:52,athletics,34
M,Indonesia,69,03/05/2023,18:37,track and field,85
F,China,27,01/05/2023,17:43,judo,53
M,Portugal,36,03/05/2023,17:05,netball,90
F,Indonesia,63,02/05/2023,4:13,track and field,78
M,Afghanistan,16,02/05/2023,11:09,volleyball,18
F,Madagascar,46,03/05/2023,20:11,netball,18
F,Colombia,24,02/05/2023,1:19,volleyball,93
M,China,43,03/05/2023,0:30,baseball,46
M,China,25,03/05/2023,0:01,soccer,44
M,Uganda,3,01/05/2023,7:07,tennis,50
M,China,55,03/05/2023,4:40,tennis,62
M,China,39,01/05/2023,4:33,soccer,16
M,Russia,87,03/05/2023,6:25,athletics,40
F,Portugal,46,02/05/2023,2:28,baseball,94
M,United States,54,01/05/2023,22:28,track and field,53
M,Philippines,73,03/05/2023,16:35,soccer,64
F,China,24,03/05/2023,2:53,track and field,39
M,China,73,01/05/2023,7:06,track and field,72
M,Mexico,69,01/05/2023,15:36,athletics,63
F,Russia,16,01/05/2023,19:47,rugby,44
M,Czech Republic,17,01/05/2023,11:31,soccer,12
M,Brazil,95,02/05/2023,4:49,judo,41
F,China,92,03/05/2023,1:17,athletics,45
M,China,12,02/05/2023,18:13,basketball,52
M,Philippines,2,02/05/2023,12:18,volleyball,52
F,Brazil,33,01/05/2023,5:35,track and field,93
M,Bulgaria,87,03/05/2023,23:36,tennis,47
M,Argentina,80,02/05/2023,14:29,baseball,50
F,Finland,72,03/05/2023,17:57,tennis,100
M,Japan,58,03/05/2023,4:45,judo,8
F,South Africa,71,03/05/2023,17:08,rugby,8
F,Brazil,62,01/05/2023,21:12,athletics,23
F,Lithuania,70,03/05/2023,19:10,basketball,11
F,Norway,91,02/05/2023,2:26,athletics,86
F,Colombia,50,03/05/2023,16:11,rugby,55
M,United States,72,03/05/2023,21:26,volleyball,75
M,China,40,03/05/2023,22:42,track and field,46
M,Poland,88,03/05/2023,5:39,tennis,32
F,France,32,02/05/2023,23:24,basketball,62
M,China,3,01/05/2023,17:51,judo,9
M,China,84,03/05/2023,1:32,basketball,50
M,United States,60,03/05/2023,12:00,basketball,69
M,Portugal,44,02/05/2023,2:57,rugby,63
F,Ukraine,81,02/05/2023,0:06,baseball,60
F,Hungary,69,01/05/2023,6:16,judo,18
F,Jamaica,83,01/05/2023,15:55,soccer,28
F,France,20,03/05/2023,14:58,soccer,44
F,Uganda,59,01/05/2023,0:09,track and field,7
F,Indonesia,94,02/05/2023,17:59,baseball,63
F,Ukraine,97,03/05/2023,4:03,netball,94
M,Mexico,79,03/05/2023,0:42,athletics,44
M,Russia,13,02/05/2023,3:09,judo,47
F,China,71,02/05/2023,3:28,rugby,55
F,Philippines,70,01/05/2023,5:35,track and field,47
M,Japan,79,02/05/2023,6:41,athletics,79
M,Croatia,57,02/05/2023,22:44,tennis,20
M,Brazil,31,02/05/2023,4:34,basketball,92
M,China,83,03/05/2023,23:29,volleyball,61
F,Brazil,90,01/05/2023,0:11,rugby,91
M,France,13,01/05/2023,17:54,volleyball,38
M,Germany,2,02/05/2023,16:43,athletics,89
M,Sweden,88,03/05/2023,12:26,volleyball,90
F,France,2,03/05/2023,12:03,netball,13
M,Uzbekistan,29,01/05/2023,4:22,baseball,6
M,Indonesia,71,01/05/2023,0:10,athletics,85
F,Estonia,51,01/05/2023,2:41,tennis,45
F,Zambia,83,03/05/2023,9:04,rugby,58
F,Portugal,45,02/05/2023,14:28,judo,40
F,Sweden,55,03/05/2023,16:09,netball,82
F,Syria,100,01/05/2023,0:06,volleyball,37
F,Croatia,29,03/05/2023,19:10,rugby,90
F,Ukraine,21,03/05/2023,6:56,volleyball,10
M,Sweden,69,02/05/2023,7:03,baseball,81
F,Vietnam,63,03/05/2023,22:45,rugby,44
F,Philippines,59,02/05/2023,23:22,track and field,64
F,China,13,01/05/2023,0:44,baseball,38
M,Argentina,37,01/05/2023,7:00,judo,27
F,Peru,46,02/05/2023,16:33,athletics,27
M,Argentina,62,02/05/2023,22:42,rugby,75
M,Colombia,37,02/05/2023,8:04,volleyball,13
F,Egypt,54,01/05/2023,8:23,volleyball,86
F,Indonesia,32,03/05/2023,15:36,soccer,77
M,China,34,03/05/2023,4:14,volleyball,13
M,Brazil,63,02/05/2023,14:40,netball,99
F,Russia,6,01/05/2023,6:06,soccer,13
M,China,52,02/05/2023,16:18,rugby,14
F,Poland,57,01/05/2023,2:56,netball,93
M,Russia,27,01/05/2023,7:26,track and field,25
F,Thailand,81,01/05/2023,6:15,baseball,92
M,Greece,63,03/05/2023,17:11,judo,27
M,China,59,02/05/2023,9:43,basketball,31
M,China,8,03/05/2023,12:36,tennis,43
M,Peru,63,02/05/2023,2:51,rugby,61
M,Croatia,92,01/05/2023,5:27,soccer,36
M,Afghanistan,12,01/05/2023,2:06,tennis,5
F,China,61,02/05/2023,0:55,basketball,8
F,Philippines,21,02/05/2023,23:06,athletics,10
F,China,49,03/05/2023,10:12,basketball,13
M,Kazakhstan,96,01/05/2023,7:32,baseball,30
M,Indonesia,62,01/05/2023,14:32,baseball,75
F,Philippines,90,01/05/2023,15:05,netball,10
M,Mali,63,03/05/2023,7:48,basketball,70
M,Philippines,65,03/05/2023,5:49,track and field,64
M,Philippines,24,01/05/2023,18:59,soccer,74
F,Ivory Coast,14,03/05/2023,5:20,judo,97
F,France,99,02/05/2023,2:06,baseball,60
M,Russia,20,01/05/2023,14:58,baseball,42
M,Argentina,43,01/05/2023,4:24,netball,10
M,Indonesia,79,02/05/2023,7:20,rugby,100
F,China,54,03/05/2023,12:43,track and field,31
F,Indonesia,11,02/05/2023,1:56,baseball,53
M,Cape Verde,37,02/05/2023,16:11,judo,51
M,China,9,03/05/2023,13:54,tennis,83
M,Russia,97,02/05/2023,22:45,judo,85
F,Brazil,49,01/05/2023,11:57,volleyball,27
F,Morocco,62,01/05/2023,14:08,judo,7
F,Indonesia,55,03/05/2023,8:01,rugby,71
F,United States,43,01/05/2023,9:15,netball,44
M,China,93,03/05/2023,5:56,tennis,85
M,Czech Republic,2,03/05/2023,1:15,soccer,17
F,Armenia,84,02/05/2023,19:12,soccer,95
F,China,29,01/05/2023,18:14,tennis,71
F,Russia,63,02/05/2023,11:54,athletics,34
F,Poland,21,02/05/2023,16:00,soccer,14
F,China,34,03/05/2023,22:22,track and field,4
F,Brazil,2,02/05/2023,20:09,volleyball,52
F,Germany,57,02/05/2023,13:24,athletics,79
F,China,44,01/05/2023,7:34,rugby,67
F,Czech Republic,81,03/05/2023,14:50,athletics,57
F,Japan,7,03/05/2023,14:28,tennis,24
M,China,52,01/05/2023,8:13,judo,53
F,Poland,77,02/05/2023,14:55,netball,80
M,Philippines,90,02/05/2023,12:31,athletics,18
F,China,68,01/05/2023,22:12,judo,63
M,Central African Republic,55,01/05/2023,16:51,netball,28
F,China,23,03/05/2023,2:44,soccer,99
M,Cyprus,1,03/05/2023,2:33,athletics,29
F,Philippines,43,01/05/2023,6:18,track and field,8
F,Philippines,13,03/05/2023,14:45,basketball,50
M,Russia,54,02/05/2023,2:30,track and field,33
F,China,55,01/05/2023,17:03,baseball,72
F,Japan,47,02/05/2023,9:36,netball,93
F,Poland,55,01/05/2023,3:35,soccer,92
F,Mexico,26,03/05/2023,21:25,volleyball,61
M,Laos,14,03/05/2023,17:38,track and field,69
F,Canada,36,01/05/2023,11:06,volleyball,15
M,Niger,13,03/05/2023,5:06,basketball,14
M,China,27,01/05/2023,4:11,baseball,48
F,Ukraine,87,02/05/2023,21:24,netball,94
M,Morocco,49,01/05/2023,1:12,volleyball,88
M,China,28,01/05/2023,20:00,basketball,15
M,Belarus,76,02/05/2023,19:52,athletics,94
M,France,84,01/05/2023,17:31,volleyball,23
F,China,42,01/05/2023,14:03,netball,51
M,China,37,02/05/2023,10:57,volleyball,32
F,Morocco,30,01/05/2023,7:38,volleyball,92
F,Indonesia,14,02/05/2023,11:27,basketball,49
F,Poland,8,01/05/2023,7:38,netball,74
F,Philippines,95,03/05/2023,5:40,tennis,31
M,Thailand,82,01/05/2023,0:06,athletics,18
M,Russia,18,03/05/2023,13:40,basketball,60
M,China,90,03/05/2023,0:34,tennis,36
M,Thailand,76,03/05/2023,9:46,volleyball,60
M,Poland,68,03/05/2023,5:31,tennis,56
M,Portugal,8,02/05/2023,15:13,rugby,69
M,China,65,01/05/2023,21:21,rugby,46
M,Finland,36,03/05/2023,15:39,volleyball,86
M,Costa Rica,98,03/05/2023,1:46,athletics,3
